"","Pepper.leaf.curl.virus.DNA-A.complete.genome.fna_8.kc","Pepper.leaf.curl.Yunnan.virus-[YN323].complete.sequence.fna_8.kc","Pepper.leaf.curl.Yunnan.virus.satellite.DNA.beta.complete.genome.fna_8.kc","Staphylococcus.phage.55.complete.genome.fna_8.kc","Staphylococcus.phage.66.complete.genome.fna_8.kc","Staphylococcus.phage.69.complete.genome.fna_8.kc"
"1",0,0.1142578125,0.1048583984375,0.536911010742188,0.300552368164062,0.524078369140625
"2",0.1142578125,0,0.104278564453125,0.534194946289062,0.294296264648438,0.519256591796875
"3",0.1048583984375,0.104278564453125,0,0.546524047851562,0.284957885742188,0.5323486328125
"4",0.536911010742188,0.534194946289062,0.546524047851562,0,0.394195556640625,0.274490356445312
"5",0.300552368164062,0.294296264648438,0.284957885742188,0.394195556640625,0,0.379684448242188
"6",0.524078369140625,0.519256591796875,0.5323486328125,0.274490356445312,0.379684448242188,0
