"","Pepper.leaf.curl.virus.DNA-A.complete.genome.fna_8.kc","Pepper.leaf.curl.Yunnan.virus-[YN323].complete.sequence.fna_8.kc","Pepper.leaf.curl.Yunnan.virus.satellite.DNA.beta.complete.genome.fna_8.kc","Staphylococcus.phage.55.complete.genome.fna_8.kc","Staphylococcus.phage.66.complete.genome.fna_8.kc","Staphylococcus.phage.69.complete.genome.fna_8.kc"
"1",0,0.0586469888827486,1.21927696650913,0.956273150476281,0.889773227939994,0.956723236950781
"2",0.0586469888827486,0,1.23073285036514,0.910375973125325,0.845059683163328,0.910283229110025
"3",1.21927696650913,1.23073285036514,0,1.16461483660595,1.11875619377285,1.17630793765585
"4",0.956273150476281,0.910375973125325,1.16461483660595,0,0.0718684226801525,0.0151400221684317
"5",0.889773227939994,0.845059683163328,1.11875619377285,0.0718684226801525,0,0.078674899167746
"6",0.956723236950781,0.910283229110025,1.17630793765585,0.0151400221684317,0.078674899167746,0
